Tarih,Öğrenci,Ders,Etiket,Öğretmen Notu
26.09.2026 16:45,Asya,Matematik,Destek İhtiyacı,"Cebirsel ifadeler ünitesinde oldukça zorlandı; harfli sembollerle işlem yaparken soyutlama aşamalarında takılmalar yaşanıyor. Bunun dışında diğer konularda, ders içi motivasyonunda ve genel akademik gidişatında gayet iyi durumda."
23.09.2026 15:30,Asya,Matematik,Kavrama & Başarı,"Doğal sayılar, çarpanlar ve katlar testlerinde soru köklerini hızlıca analiz etti. İşlem hatası yapma oranı sıfıra indi."
19.09.2026 17:20,Asya,Fen Bilimleri,Analitik Düşünme,Güneş sistemi ve tutulmalar konusunda 3D simülasyon üzerinden sebep-sonuç ilişkilerini çok rahat kurdu. Bilimsel kavramları kendi cümleleriyle başarıyla ifade edebiliyor.
25.09.2026 18:30,Utku,Matematik,Kritik Eksik & Tekrar,Geçen hafta EBOB ve EKOK konularını gayet güzel kavradı ve problem çözümlerinde başarılıydı. Fakat kareköklü sayıları unutmuş; özellikle tam kare olmayan sayıların karekökünü bulmada ve kareköklü sayıları karşılaştırmada zorlanıyor. Karekök konusu için acil bir tekrar planlandı.
20.09.2026 16:00,Utku,Matematik,Başarı & Pratik,EBOB-EKOK yeni nesil beceri temelli sorularda pratik mantık yürüttü. Soru kalıplarına yaklaşımı oldukça olumlu.
16.09.2026 19:15,Utku,Fen Bilimleri,Odaklanma & Dikkat,Ders süresince odaklanma düzeyi yüksekti. Deney ve grafik analizi sorularında ayrıntılara dikkat ederek süreci hatasız tamamladı.
24.09.2026 17:15,İpek,Matematik & Bilisel Gelisim,Destek İhtiyacı,"Genel performansı ve derse katılımı beklediğimden çok daha iyiydi, öğrenme hevesi yüksek. Fakat hem karmaşık cümleler kurmakta hem de basamak değerleri konusunda zorlandı. Basamak kavramını somut materyaller ve görsel bloklarla yeniden ele alacağız."
21.09.2026 14:40,İpek,Bireysel Gelisim,İlerleme & Katılım,Ders başlangıcında öz güveni gayet yüksekti. Günlük yazma ve okuma rutinlerine bağlılığı takdir edildi.
17.09.2026 16:30,İpek,Matematik,Çalışma Rutini,Çarpım tablosu egzersizlerinde hızlandı. Ritmik saymalarda akıcılık kazanmaya devam ediyor.
30.09.2026,İpek,Matematik,Güçlü Yön,"Öğrencinin kavramsal algı hızı ve akademik potansiyeli oldukça yüksek olup, yeni bilgileri öğrenmede isteklidir."
30.09.2026,İpek,Matematik,Gelişim Alanı,Çok basamaklı sayıların yazımı ile bölük ve basamak kavramlarında eksiklikler bulunmakta ve yoğun dikkat hataları gözlemlenmektedir.
30.09.2026,İpek,Türkçe,Gelişim Alanı,Yazım esnasında yerleşik motor el alışkanlıklarından dolayı büyük harflerin kullanımı kurallarında uygulama hataları yapmaktadır.
